{"cameraMode":{"drawMode":0,"name":"Shaded","section":"Shading Mode"},"sceneLighting":true,"audioPlay":false,"sceneViewState":{"m_AlwaysRefresh":false,"showFog":false,"showSkybox":true,"showFlares":true,"showImageEffects":true,"showParticleSystems":true,"showVisualEffectGraphs":true,"m_FxEnabled":true},"in2DMode":false,"pivot":{"x":1.3938971757888795,"y":-1.656542181968689,"z":20.780540466308595},"rotation":{"x":-0.06293154507875443,"y":-0.037134088575839999,"z":0.002164230216294527,"w":-0.9974818825721741},"size":12.12435531616211,"orthographic":false}