{"cameraMode":{"drawMode":0,"name":"Shaded","section":"Shading Mode"},"sceneLighting":true,"audioPlay":false,"sceneViewState":{"m_AlwaysRefresh":false,"showFog":false,"showSkybox":true,"showFlares":true,"showImageEffects":true,"showParticleSystems":true,"showVisualEffectGraphs":true,"m_FxEnabled":true},"in2DMode":false,"pivot":{"x":2.8797688484191896,"y":-0.11601747572422028,"z":19.227155685424806},"rotation":{"x":0.034464169293642047,"y":0.0482499860227108,"z":-0.0015540485037490726,"w":0.9983847737312317},"size":12.12435531616211,"orthographic":false}