{"cameraMode":{"drawMode":0,"name":"Shaded","section":"Shading Mode"},"sceneLighting":false,"audioPlay":false,"sceneViewState":{"m_AlwaysRefresh":false,"showFog":false,"showSkybox":false,"showFlares":true,"showImageEffects":true,"showParticleSystems":true,"showVisualEffectGraphs":true,"m_FxEnabled":true},"in2DMode":false,"pivot":{"x":0.3069349527359009,"y":1.095872163772583,"z":-0.2885235548019409},"rotation":{"x":0.34802085161209109,"y":0.021457785740494729,"z":-0.007620656862854958,"w":0.9373455047607422},"size":1.0944280624389649,"orthographic":false}